貸出,2025-02-02 11:05:01,LiPo-battery-6s-L1,picture\LiPo-battery-6s-L1_2025-02-02 11-05-01.png
返却,2025-02-02 11:05:02,LiPo-battery-6s-L1,picture\LiPo-battery-6s-L1_2025-02-02 11-05-02.png
貸出,2025-02-02 11:05:02,LiPo-battery-6s-L1,picture\LiPo-battery-6s-L1_2025-02-02 11-05-02.png
返却,2025-02-02 11:05:02,LiPo-battery-6s-L1,picture\LiPo-battery-6s-L1_2025-02-02 11-05-02.png
貸出,2025-02-02 11:05:02,LiPo-battery-6s-L1,picture\LiPo-battery-6s-L1_2025-02-02 11-05-02.png
返却,2025-02-02 11:05:02,LiPo-battery-6s-L1,picture\LiPo-battery-6s-L1_2025-02-02 11-05-02.png
貸出,2025-02-02 11:05:02,LiPo-battery-6s-L1,picture\LiPo-battery-6s-L1_2025-02-02 11-05-02.png
返却,2025-02-02 11:05:02,LiPo-battery-6s-L1,picture\LiPo-battery-6s-L1_2025-02-02 11-05-02.png
貸出,2025-02-02 11:05:07,LiPo-battery-6s-L1,picture\LiPo-battery-6s-L1_2025-02-02 11-05-07.png
返却,2025-02-02 11:05:08,LiPo-battery-6s-L1,picture\LiPo-battery-6s-L1_2025-02-02 11-05-08.png
貸出,2025-02-02 11:05:08,LiPo-battery-6s-L1,picture\LiPo-battery-6s-L1_2025-02-02 11-05-08.png
返却,2025-02-02 11:05:08,LiPo-battery-6s-L1,picture\LiPo-battery-6s-L1_2025-02-02 11-05-08.png
貸出,2025-02-02 11:06:40,LiPo-battery-6s-L1,picture\LiPo-battery-6s-L1_2025-02-02 11-06-40.png
返却,2025-02-02 11:07:00,LiPo-battery-6s-L1,picture\LiPo-battery-6s-L1_2025-02-02 11-07-00.png
貸出,2025-02-02 11:20:16,LiPo-battery-6s-L1,picture\LiPo-battery-6s-L1_2025-02-02 11-20-16.png
返却,2025-02-02 11:20:18,LiPo-battery-6s-L1,picture\LiPo-battery-6s-L1_2025-02-02 11-20-18.png
貸出,2025-02-02 11:20:20,LiPo-battery-6s-L1,picture\LiPo-battery-6s-L1_2025-02-02 11-20-20.png
返却,2025-02-02 11:24:18,LiPo-battery-6s-L1,picture\LiPo-battery-6s-L1_2025-02-02 11-24-18.png
貸出,2025-02-02 11:24:25,LiPo-battery-6s-L1,picture\LiPo-battery-6s-L1_2025-02-02 11-24-25.png
返却,2025-02-02 11:25:44,LiPo-battery-6s-L1,picture\LiPo-battery-6s-L1_2025-02-02 11-25-44.png
貸出,2025-02-02 11:25:47,LiPo-battery-6s-L1,picture\LiPo-battery-6s-L1_2025-02-02 11-25-47.png
貸出,2025-02-02 11:26:14,LiPo-battery-6s-L2,picture\LiPo-battery-6s-L2_2025-02-02 11-26-14.png
貸出,2025-02-02 11:33:28,LiPo-battery-6s-L2,picture\LiPo-battery-6s-L2_2025-02-02 11-33-28.png
返却,2025-02-02 11:33:30,LiPo-battery-6s-L2,picture\LiPo-battery-6s-L2_2025-02-02 11-33-30.png
貸出,2025-02-02 11:34:11,LiPo-battery-6s-L2,picture\LiPo-battery-6s-L2_2025-02-02 11-34-11.png
貸出,2025-02-02 11:34:21,LiPo-battery-6s-L1,picture\LiPo-battery-6s-L1_2025-02-02 11-34-21.png
返却,2025-02-02 11:35:00,LiPo-battery-6s-L1,picture\LiPo-battery-6s-L1_2025-02-02 11-35-00.png
貸出,2025-02-02 11:35:40,LiPo-battery-6s-L1,picture\LiPo-battery-6s-L1_2025-02-02 11-35-40.png
返却,2025-02-02 11:35:46,LiPo-battery-6s-L1,picture\LiPo-battery-6s-L1_2025-02-02 11-35-46.png
貸出,2025-02-02 11:36:23,LiPo-battery-6s-L1,picture\LiPo-battery-6s-L1_2025-02-02 11-36-23.png
返却,2025-02-02 11:36:26,LiPo-battery-6s-L1,picture\LiPo-battery-6s-L1_2025-02-02 11-36-26.png
貸出,2025-02-02 11:36:33,LiPo-battery-6s-L1,picture\LiPo-battery-6s-L1_2025-02-02 11-36-33.png
返却,2025-02-02 11:36:35,LiPo-battery-6s-L1,picture\LiPo-battery-6s-L1_2025-02-02 11-36-35.png
貸出,2025-02-02 11:38:35,LiPo-battery-6s-L1,picture\LiPo-battery-6s-L1_2025-02-02 11-38-35.png
返却,2025-02-02 11:41:06,LiPo-battery-6s-L1,picture\LiPo-battery-6s-L1_2025-02-02 11-41-06.png
貸出,2025-02-02 11:41:11,LiPo-battery-6s-L1,picture\LiPo-battery-6s-L1_2025-02-02 11-41-11.png
返却,2025-02-02 11:41:16,LiPo-battery-6s-L1,picture\LiPo-battery-6s-L1_2025-02-02 11-41-16.png
貸出,2025-02-02 11:41:20,LiPo-battery-6s-L1,picture\LiPo-battery-6s-L1_2025-02-02 11-41-20.png
返却,2025-02-15 17:41:15,LiPo-battery-6s-L1,picture\LiPo-battery-6s-L1_2025-02-15 17-41-15.png
貸出,2025-02-15 17:43:58,LiPo-battery-6s-L1,picture\LiPo-battery-6s-L1_2025-02-15 17-43-58.png
貸出,2025-02-15 17:48:26,LiPo-battery-6s-L1,picture\LiPo-battery-6s-L1_2025-02-15 17-48-26.png
返却,2025-02-15 17:48:39,LiPo-battery-6s-L1,picture\LiPo-battery-6s-L1_2025-02-15 17-48-39.png
貸出,2025-02-15 17:48:41,LiPo-battery-6s-L1,picture\LiPo-battery-6s-L1_2025-02-15 17-48-41.png
返却,2025-02-15 17:48:47,LiPo-battery-6s-L1,picture\LiPo-battery-6s-L1_2025-02-15 17-48-47.png
貸出,2025-02-15 17:48:49,LiPo-battery-6s-L1,picture\LiPo-battery-6s-L1_2025-02-15 17-48-49.png
返却,2025-02-15 17:48:52,LiPo-battery-6s-L1,picture\LiPo-battery-6s-L1_2025-02-15 17-48-52.png
貸出,2025-02-15 17:48:54,LiPo-battery-6s-L1,picture\LiPo-battery-6s-L1_2025-02-15 17-48-54.png
返却,2025-02-15 17:48:56,LiPo-battery-6s-L1,picture\LiPo-battery-6s-L1_2025-02-15 17-48-56.png
返却,2025-02-15 17:52:38,LiPo-battery-6s-L1,picture\LiPo-battery-6s-L1_2025-02-15 17-52-38.png
貸出,2025-02-15 18:01:26,LiPo-battery-6s-L1,picture\LiPo-battery-6s-L1_2025-02-15 18-01-26.png
返却,2025-02-15 18:19:42,LiPo-battery-6s-L1,picture\LiPo-battery-6s-L1_2025-02-15 18-19-42.png
貸出,2025-02-15 18:21:11,LiPo-battery-6s-L1,picture\LiPo-battery-6s-L1_2025-02-15 18-21-11.png
返却,2025-02-15 18:21:33,LiPo-battery-6s-L1,picture\LiPo-battery-6s-L1_2025-02-15 18-21-33.png
貸出,2025-02-15 18:22:48,LiPo-battery-6s-L1,picture\LiPo-battery-6s-L1_2025-02-15 18-22-48.png
返却,2025-02-15 18:22:50,LiPo-battery-6s-L1,picture\LiPo-battery-6s-L1_2025-02-15 18-22-50.png
貸出,2025-02-15 18:24:27,LiPo-battery-6s-L1,picture\LiPo-battery-6s-L1_2025-02-15 18-24-27.png
返却,2025-02-15 18:29:55,LiPo-battery-6s-L1,picture\LiPo-battery-6s-L1_2025-02-15 18-29-55.png
貸出,2025-02-15 18:29:58,LiPo-battery-6s-L1,picture\LiPo-battery-6s-L1_2025-02-15 18-29-58.png
返却,2025-02-15 18:31:33,LiPo-battery-6s-L1,picture\LiPo-battery-6s-L1_2025-02-15 18-31-33.png
貸出,2025-02-15 18:33:35,LiPo-battery-6s-L1,picture\LiPo-battery-6s-L1_2025-02-15 18-33-35.png
返却,2025-02-15 18:37:54,LiPo-battery-6s-L1,picture\LiPo-battery-6s-L1_2025-02-15 18-37-54.png
貸出,2025-02-15 18:37:56,LiPo-battery-6s-L1,picture\LiPo-battery-6s-L1_2025-02-15 18-37-56.png
返却,2025-02-15 18:38:11,LiPo-battery-6s-L1,picture\LiPo-battery-6s-L1_2025-02-15 18-38-11.png
貸出,2025-02-15 18:38:14,LiPo-battery-6s-L1,picture\LiPo-battery-6s-L1_2025-02-15 18-38-14.png
返却,2025-02-15 18:38:24,LiPo-battery-6s-L1,picture\LiPo-battery-6s-L1_2025-02-15 18-38-24.png
貸出,2025-02-15 18:39:29,LiPo-battery-6s-L1,picture\LiPo-battery-6s-L1_2025-02-15 18-39-29.png
返却,2025-02-15 18:39:31,LiPo-battery-6s-L1,picture\LiPo-battery-6s-L1_2025-02-15 18-39-31.png
貸出,2025-02-15 18:39:50,LiPo-battery-6s-L1,picture\LiPo-battery-6s-L1_2025-02-15 18-39-50.png
返却,2025-02-15 18:39:53,LiPo-battery-6s-L1,picture\LiPo-battery-6s-L1_2025-02-15 18-39-53.png
貸出,2025-02-15 18:40:09,LiPo-battery-6s-L1,picture\LiPo-battery-6s-L1_2025-02-15 18-40-09.png
返却,2025-02-15 18:40:11,LiPo-battery-6s-L1,picture\LiPo-battery-6s-L1_2025-02-15 18-40-11.png
貸出,2025-02-15 18:40:25,LiPo-battery-6s-L1,picture\LiPo-battery-6s-L1_2025-02-15 18-40-25.png
返却,2025-02-15 18:40:27,LiPo-battery-6s-L1,picture\LiPo-battery-6s-L1_2025-02-15 18-40-27.png
貸出,2025-02-15 18:42:07,LiPo-battery-6s-L1,picture\LiPo-battery-6s-L1_2025-02-15 18-42-07.png
返却,2025-02-15 18:43:33,LiPo-battery-6s-L1,picture\LiPo-battery-6s-L1_2025-02-15 18-43-33.png
貸出,2025-02-15 18:43:41,LiPo-battery-6s-L1,picture\LiPo-battery-6s-L1_2025-02-15 18-43-41.png
